{
	"camera":	{
		"screen":	{
			"width":	1024,
			"height":	768
		},
		"mvp":	[[[1.2803300619125366, -0.98559856414794922, -0.577465832233429, -0.57735031843185425], [0, 1.9711971282958984, -0.577465832233429, -0.57735031843185425], [-1.2803300619125366, -0.98559856414794922, -0.577465832233429, -0.57735031843185425], [0, 0, 1730.397216796875, 1732.051025390625]], [[-1.2803300619125366, -0.98559844493865967, 0.57746577262878418, 0.57735025882720947], [0, 1.9711968898773193, 0.57746577262878418, 0.57735025882720947], [1.2803300619125366, -0.98559844493865967, 0.57746577262878418, 0.57735025882720947], [0, 0, 864.19842529296875, 866.025390625]], [[1.2803300619125366, 0, -0.70724815130233765, -0.70710670948028564], [0, 2.4142131805419922, 0, 0], [-1.2803300619125366, 0, -0.70724815130233765, -0.70710670948028564], [0, -1207.1065673828125, 705.2479248046875, 707.106689453125]]]
	}
}